Yorick,Hecarim,Malzahar,Senna,Nami,Darius,Udyr,Fizz,Vayne,Nautilus,1
Pantheon,Malphite,Ahri,Jhin,Zyra,Teemo,Ivern,Ekko,Lucian,Brand,2
0,0,0,0,0,0,0,0,0,0,2
Irelia,Nocturne,Malzahar,Samira,Nautilus,Viego,Vi,Ryze,Draven,Thresh,2
Teemo,Udyr,Anivia,Senna,Pyke,Gnar,Khazix,Viktor,Vayne,Nautilus,1
Teemo,Ivern,Yone,Tristana,Xerath,Volibear,Udyr,Sylas,Jhin,Lux,2
Yasuo,Nunu,Zoe,Jhin,Nami,Warwick,MasterYi,Velkoz,Vayne,Nautilus,2
Yasuo,Viego,Malzahar,Jhin,Thresh,Irelia,XinZhao,Ekko,Ahri,Lux,1
0,0,0,0,0,0,0,0,0,0,2
Riven,Gragas,Katarina,Jhin,Malphite,Garen,MasterYi,Lux,Kalista,Sona,2
Rengar,Graves,Karma,MissFortune,Alistar,Jax,Khazix,Katarina,Twitch,Lulu,2
Garen,Ivern,Zed,Kaisa,Thresh,Senna,Vi,Malzahar,Jinx,Pyke,2
Sett,Nocturne,Malzahar,MissFortune,Taric,Darius,Zac,Akali,Tristana,Yuumi,1
Teemo,Nunu,Yone,Vayne,Senna,Anivia,Lillia,Nasus,Tristana,Yuumi,2
Teemo,Nunu,Azir,MissFortune,Blitzcrank,Gnar,Ekko,Yasuo,Jinx,Leona,2
Teemo,Olaf,Yone,Tristana,Xerath,Nasus,Karthus,Yasuo,Kaisa,Nautilus,2
Aatrox,Ivern,Akali,Samira,Brand,Garen,Fiddlesticks,Galio,Jhin,Soraka,2
Olaf,Amumu,Lux,Caitlyn,Pyke,Mordekaiser,Udyr,Yone,Twitch,Braum,2
Illaoi,DrMundo,Zed,MissFortune,Nautilus,Yorick,Olaf,Malzahar,Samira,Maokai,2
Camille,MasterYi,Yasuo,Samira,Alistar,Darius,Ivern,Syndra,Kaisa,Rakan,1
Jax,XinZhao,Vladimir,Samira,Pantheon,Darius,MasterYi,Fizz,MissFortune,Bard,2
Jax,Olaf,Lucian,Ashe,Lulu,Teemo,Vi,Fizz,Aphelios,Nami,1
Ekko,Rengar,Viktor,Samira,Yuumi,Shen,RekSai,Pantheon,Syndra,Lux,1
Nasus,Zac,Syndra,Jhin,Nautilus,Jayce,Ekko,Zed,Kaisa,Galio,2
Malphite,Khazix,Orianna,Caitlyn,Yuumi,Urgot,Ekko,Syndra,Jhin,Lux,1
Zoe,Volibear,Lucian,Ezreal,Blitzcrank,Lulu,Graves,Lux,Vayne,Thresh,1
Malphite,Viego,Brand,Kaisa,Soraka,Chogath,Udyr,Veigar,Heimerdinger,Swain,1
Sett,Graves,Orianna,Samira,Thresh,Illaoi,Ekko,Zed,Twitch,Nautilus,1
Darius,Viego,Brand,Jhin,Lux,Swain,LeeSin,Akali,Lucian,Rell,1
Rumble,Amumu,Ekko,Samira,Pantheon,Chogath,Kayn,Ahri,Kaisa,Leona,2
Sett,MasterYi,Orianna,Twitch,Pantheon,Darius,Nunu,Ahri,Yone,Nami,2
Urgot,Amumu,Brand,Kaisa,Senna,Chogath,Kayn,Lux,Lucian,Braum,1
Poppy,LeeSin,Cassiopeia,Ezreal,Janna,Yone,Khazix,Irelia,Jhin,Leona,1
Urgot,Khazix,Akali,KogMaw,Yuumi,Ornn,Nunu,Lucian,Ezreal,Zyra,1
Darius,Jax,Yasuo,Jhin,Lux,Pantheon,MasterYi,Xerath,Varus,Morgana,2
Aatrox,Evelynn,Katarina,Samira,Soraka,Nasus,Shaco,Orianna,Kaisa,Nami,2
Urgot,Hecarim,Cassiopeia,Ashe,Thresh,Mordekaiser,LeeSin,Yone,Kaisa,Rakan,2
Yasuo,Amumu,Chogath,Ezreal,Thresh,Shen,Lillia,Zed,Samira,Leona,1
Shen,Shaco,Orianna,Ezreal,Pyke,Malphite,Kayn,Kassadin,Twitch,Pantheon,1
Nasus,Evelynn,Veigar,Draven,Thresh,Sett,Jax,Viktor,Jhin,Nami,1
Riven,Nocturne,Ziggs,Ezreal,Nautilus,MonkeyKing,Malphite,Morgana,Aphelios,Janna,1
Darius,Nocturne,Cassiopeia,Ashe,Morgana,Sion,Rengar,Annie,Caitlyn,Thresh,1
JarvanIV,Rengar,Orianna,Caitlyn,Morgana,Tryndamere,Shaco,Talon,Kaisa,Velkoz,2
Garen,MonkeyKing,Karthus,Ezreal,Janna,DrMundo,Ekko,Ahri,Vayne,Lux,2
Ornn,Kayn,Yasuo,Jinx,Leona,DrMundo,Elise,Syndra,Jhin,Karma,1
Teemo,Volibear,Malzahar,Lucian,Taric,Ahri,Kayn,Yasuo,Senna,Leona,1
Garen,Shaco,Irelia,Veigar,Zyra,Nasus,Fiddlesticks,Kennen,Kaisa,Morgana,1
Shen,Warwick,Cassiopeia,Kaisa,Nautilus,Teemo,Nunu,Ekko,Ashe,Lulu,2
Fiora,Kayn,Lux,Jhin,Yuumi,Illaoi,Amumu,Ahri,Tristana,Leona,2
Aatrox,Pantheon,Veigar,Senna,Xerath,Trundle,Evelynn,Cassiopeia,Kaisa,Blitzcrank,2
Viktor,Shaco,Ryze,Caitlyn,Thresh,Poppy,DrMundo,Zed,Jhin,Brand,1
Renekton,Jax,Lillia,Ashe,Braum,Shen,JarvanIV,Kassadin,Tristana,Blitzcrank,2
Tryndamere,Ekko,Ahri,Tristana,Lulu,Shen,Volibear,Azir,Aphelios,Zilean,1
Jax,Kindred,Nasus,Varus,Morgana,Darius,Riven,Diana,Draven,Thresh,2
Teemo,JarvanIV,Ekko,Ezreal,Rumble,Karthus,Kayn,Fizz,KogMaw,Lulu,1
Shaco,Viego,Anivia,Lucian,Blitzcrank,Jax,LeeSin,Pyke,Senna,Seraphine,2
Volibear,Khazix,Kassadin,Ashe,Leona,Vladimir,LeeSin,Pantheon,MissFortune,Blitzcrank,2
Darius,Olaf,Fizz,Yasuo,Blitzcrank,Shyvana,Jax,Xerath,Ashe,Leona,2
Gnar,LeeSin,Ahri,Ezreal,Thresh,Viktor,Sejuani,Orianna,Jhin,Morgana,2
Darius,Teemo,Vladimir,Caitlyn,Nautilus,Shen,Rammus,Yasuo,Kaisa,Thresh,2
Jayce,Shaco,Katarina,MissFortune,Xerath,Fiora,Sylas,Yasuo,Caitlyn,Blitzcrank,2
Akali,Nocturne,Yone,Lucian,Thresh,Renekton,Kayn,Zed,Senna,0,1
Irelia,Amumu,Vladimir,Jhin,Lux,Tryndamere,Kayn,Viego,Ezreal,Zyra,2
Tryndamere,Warwick,Chogath,Caitlyn,Lux,Camille,Graves,Zed,Kaisa,Pyke,2
Aatrox,Jhin,Malzahar,Lucian,Soraka,Nasus,Udyr,Katarina,Vayne,Pyke,2
Garen,Rengar,Annie,Caitlyn,Brand,Vladimir,Khazix,Gangplank,Samira,Morgana,1
Yasuo,Evelynn,Veigar,Vayne,Lux,Shen,Amumu,Zed,Samira,Morgana,1
Shen,Khazix,Leblanc,Lucian,Pantheon,Volibear,Hecarim,Katarina,Ezreal,Yuumi,1
Graves,Evelynn,Zed,Jhin,Pyke,Kled,Udyr,Akali,Ashe,Zyra,2
Jax,Nunu,Veigar,Ashe,Lulu,Sion,Kayn,Zed,Jinx,Brand,2
Shen,Khazix,Lucian,Samira,Pyke,Fiora,Gragas,Yasuo,Vayne,Seraphine,1
Nasus,DrMundo,Zed,MissFortune,Swain,Sett,Pantheon,Qiyana,Twitch,Morgana,1
Shaco,Hecarim,Zed,Jinx,Thresh,Quinn,Shyvana,Irelia,Jhin,Senna,1
Yasuo,DrMundo,Vladimir,Kaisa,Lux,Renekton,Khazix,Neeko,Senna,Rell,1
Kayle,MasterYi,Malzahar,Jhin,Leona,Chogath,Kayn,Irelia,Vayne,LeeSin,1
Malphite,Nocturne,Zed,Varus,Morgana,Akali,Rammus,Tryndamere,Kaisa,Senna,1
Jax,0,Vayne,Veigar,Lux,Riven,Hecarim,Kassadin,Kaisa,Pantheon,1
Ekko,Warwick,Akali,MissFortune,Pyke,Fiora,Fiddlesticks,Katarina,Cassiopeia,Thresh,2
Darius,Amumu,Neeko,Jinx,Nami,Urgot,Nidalee,Ahri,Ezreal,Lulu,1
Yone,Hecarim,Renekton,Caitlyn,0,Teemo,Shaco,Zed,Senna,Yuumi,2
Fiora,Kayn,Cassiopeia,Caitlyn,Lux,Gangplank,Lillia,Orianna,Tristana,Leona,1
Lucian,Hecarim,Sylas,Kaisa,Lux,Chogath,Amumu,Fizz,Jhin,Twitch,2
Shen,Khazix,Fizz,MissFortune,Sona,Teemo,Sejuani,Ryze,Kaisa,Lux,2
Ornn,Amumu,Velkoz,Kaisa,Zyra,Poppy,Fiddlesticks,Orianna,Caitlyn,Lux,1
Shen,Amumu,Qiyana,MissFortune,Pantheon,Malphite,Graves,Akali,Vayne,Lux,2
Nasus,Hecarim,Diana,Ashe,Lux,Ornn,LeeSin,Ekko,Samira,Nautilus,2
Jax,Nunu,Draven,Garen,Seraphine,Ornn,Kayn,Lux,Jhin,Nautilus,1
Chogath,Fiddlesticks,Ziggs,Kaisa,Brand,MonkeyKing,Warwick,TwistedFate,Senna,Lux,2
Sion,Olaf,Fizz,Ezreal,Lux,Shen,Graves,Ahri,Jhin,Morgana,1
Renekton,Warwick,Malzahar,Samira,Senna,Camille,Kayn,Leblanc,Ashe,Lux,1
Jax,Evelynn,Lucian,Jhin,Blitzcrank,Chogath,Amumu,Lux,Jinx,Seraphine,1
Nautilus,Kayn,Lux,Tristana,Morgana,Mordekaiser,Graves,Fizz,MissFortune,Brand,1
Shen,Hecarim,Cassiopeia,Jinx,Nami,Ornn,Sejuani,Sylas,Lucian,Lux,1
Yasuo,Karthus,Viktor,Ashe,Lux,Kayle,Graves,Neeko,Caitlyn,Thresh,2
0,Nunu,Yasuo,Ashe,Lux,MonkeyKing,Sion,Darius,Kaisa,Brand,2
Poppy,Amumu,Katarina,Lucian,Braum,Shen,Rengar,Sylas,Jhin,Lux,2
Sett,Sylas,Ziggs,Samira,Pantheon,Shen,Nocturne,TwistedFate,Jhin,Lux,1
Kayle,LeeSin,Qiyana,Ezreal,Lux,Garen,Khazix,Akali,Jhin,Alistar,2
Akali,XinZhao,Syndra,Vayne,Nautilus,Ornn,MasterYi,Swain,Lucian,Lulu,2
Ornn,Khazix,Irelia,Kaisa,Nautilus,Riven,Amumu,Sylas,Lucian,Lux,1
Chogath,Kayn,Fizz,Vayne,Lulu,Yasuo,MasterYi,Orianna,Jhin,Blitzcrank,1
Renekton,DrMundo,Irelia,Jhin,Seraphine,Gnar,Graves,Akali,Lucian,Soraka,2
Irelia,Kayn,Kassadin,Vayne,Morgana,Camille,MasterYi,Annie,Jhin,Zyra,1
Malphite,JarvanIV,Lissandra,Lucian,Lulu,Chogath,Warwick,Yasuo,Sivir,Cassiopeia,2
Shen,Ekko,Zed,Lucian,Brand,Renekton,Rengar,Lissandra,Jhin,Shaco,1
Nasus,Olaf,Fizz,MissFortune,Sona,Volibear,Ekko,Kassadin,Jhin,Malphite,2
Fiora,Nocturne,Sylas,Draven,Nautilus,Teemo,Viego,Katarina,Jhin,Zyra,2
Volibear,Viego,Kassadin,Lucian,Pantheon,Shen,Shaco,Riven,Kaisa,Seraphine,2
Chogath,Viego,Irelia,Xayah,Alistar,Sion,Kayn,Vladimir,Ashe,Morgana,1
Fiora,Kindred,Ekko,Jhin,Karma,Illaoi,Hecarim,Kassadin,Kaisa,Alistar,2
Renekton,Shyvana,Diana,Jhin,Alistar,Chogath,LeeSin,Katarina,Varus,Lulu,2
Maokai,Elise,Zed,Jhin,Alistar,Malphite,Graves,Sylas,Caitlyn,Braum,1
Sylas,Olaf,Yasuo,Tristana,Lux,Darius,Khazix,Syndra,Draven,Gragas,1
Yasuo,JarvanIV,Malzahar,Jinx,Lux,MonkeyKing,Viego,Vladimir,Jhin,Soraka,1
Gnar,LeeSin,Lissandra,Ashe,Thresh,Jax,Zac,Kassadin,Yasuo,Zilean,1
Mordekaiser,Viego,Lucian,Tristana,Braum,Fiora,Udyr,Akali,Kaisa,Morgana,1
Nasus,Khazix,Ryze,Samira,Swain,Jax,Udyr,Kassadin,Kaisa,Lulu,1
Riven,Jax,Sylas,MissFortune,Ashe,Sion,Ekko,Viktor,Jhin,Karma,2
Riven,Rengar,Lux,Samira,Alistar,Garen,Shyvana,Katarina,Aphelios,Yuumi,1
Malphite,Khazix,Kassadin,Vayne,Ashe,Yorick,MasterYi,TwistedFate,Senna,Alistar,2
Mordekaiser,Vi,Pantheon,Jinx,Sona,Darius,MonkeyKing,Fizz,Ashe,Soraka,2
Darius,Shaco,Zilean,Ezreal,Lux,Singed,Olaf,Leblanc,Draven,Lulu,1
Illaoi,Warwick,Cassiopeia,Ezreal,Brand,MonkeyKing,Khazix,Lux,Ashe,Bard,2
Jax,Vi,Zoe,Vayne,Swain,Nasus,Lillia,Veigar,Jhin,Leona,2
Jax,Sett,Talon,Kaisa,Velkoz,Renekton,Volibear,Kassadin,Lucian,Lux,2
Malphite,RekSai,Ekko,Ashe,Zyra,Camille,Kayn,Yasuo,Vayne,Yuumi,2
Quinn,Rammus,Kassadin,Ezreal,Janna,MonkeyKing,Trundle,Vladimir,Twitch,Lulu,2
Kennen,Gragas,Zed,MissFortune,Lulu,Vladimir,Sejuani,Orianna,Ashe,Sett,2
MonkeyKing,Volibear,TwistedFate,Vayne,Leona,Urgot,Kindred,Anivia,Ashe,Nautilus,2
Fiora,Ekko,Ahri,Jinx,Nautilus,Yorick,Zac,Zed,Twitch,Soraka,1
Yorick,Nocturne,Annie,Vayne,Zilean,Nasus,Volibear,Malzahar,Kaisa,Nautilus,1
Teemo,Skarner,Fizz,Kaisa,Swain,Ornn,Amumu,Galio,Lucian,Syndra,1
Irelia,Kayn,Ekko,Tristana,Nautilus,Darius,Fiddlesticks,Leblanc,Jhin,Blitzcrank,1
Malphite,Ekko,Xerath,Kaisa,Bard,Sett,Shyvana,Sylas,Aphelios,Lulu,1
MonkeyKing,Ekko,Yasuo,Ezreal,Nami,TahmKench,Olaf,Gragas,Senna,Sett,2
Shen,Vi,Leblanc,Aphelios,Morgana,Gnar,Ekko,Sylas,Kaisa,Velkoz,2
Fiora,Olaf,Azir,Ashe,Leona,Malphite,Hecarim,Katarina,Kaisa,Pantheon,1
Ryze,Graves,Yasuo,Caitlyn,Velkoz,Fiora,LeeSin,Ekko,Vayne,Lulu,1
MonkeyKing,Zac,Cassiopeia,Ezreal,Blitzcrank,Nasus,Kayn,Akali,Twitch,Yuumi,1
MonkeyKing,Ekko,Anivia,Ashe,Taric,Illaoi,MasterYi,Diana,Twitch,Pyke,2
Sett,Evelynn,Viego,Twitch,Leona,Quinn,Amumu,Ekko,Ashe,Brand,1
Fiora,Taliyah,Katarina,MissFortune,Alistar,Urgot,Warwick,Diana,Kaisa,Thresh,2
Volibear,Kayn,Garen,Kaisa,Zilean,Sett,Shaco,Zed,Caitlyn,Pantheon,1
Warwick,MasterYi,Pyke,Kaisa,Braum,Irelia,Udyr,Heimerdinger,Jhin,Swain,1
Shen,Udyr,Pyke,Vayne,Lulu,Renekton,Rammus,Brand,Kaisa,Zilean,2
Renekton,LeeSin,Zed,Senna,Brand,Chogath,Fiddlesticks,Yone,Kaisa,Leona,2
Sion,Nidalee,Yone,Samira,Zyra,Shaco,Udyr,Diana,Jhin,Senna,1
Kayle,Shyvana,Anivia,KogMaw,Lulu,Teemo,Udyr,Garen,Caitlyn,Senna,2
Mordekaiser,Kayn,Yone,Ashe,Lulu,Malphite,Udyr,Pyke,Caitlyn,Morgana,1
Garen,Viego,Vladimir,Vayne,Seraphine,Urgot,Fiddlesticks,Zed,Ashe,Bard,2
MonkeyKing,Udyr,Yone,Caitlyn,Teemo,Annie,Pantheon,Pyke,Jhin,Senna,1
Nocturne,Udyr,Ekko,Jhin,Leona,Shaco,Graves,Cassiopeia,Twitch,Brand,2
Malphite,RekSai,Syndra,Vayne,Lulu,Zed,Shyvana,Cassiopeia,Jhin,Lux,2
Teemo,Viego,Kassadin,Ashe,Karma,Galio,Udyr,Yasuo,Xayah,Soraka,1
Garen,Fiddlesticks,Rumble,Ashe,Pyke,Nasus,Shyvana,TwistedFate,Twitch,Nautilus,2
Tryndamere,Khazix,Neeko,Ashe,Lux,DrMundo,Udyr,Heimerdinger,Samira,Leona,1
Gnar,Udyr,Zed,Jhin,Sona,Teemo,LeeSin,Lucian,Senna,Lux,2
Mordekaiser,Shyvana,Zed,Vayne,Lulu,Darius,Khazix,Fizz,Samira,Soraka,1
Heimerdinger,Hecarim,Yone,Kaisa,Leona,Gnar,Udyr,Garen,Jhin,Thresh,2
Kled,Nidalee,Malzahar,Kaisa,Lulu,Lucian,Khazix,Lux,Jhin,Soraka,2
Nasus,Ivern,Cassiopeia,Jhin,Leona,Quinn,Khazix,Viktor,Tristana,Brand,1
Chogath,Khazix,Lux,Jhin,Leona,Garen,Olaf,Orianna,Vayne,Bard,1
Malphite,Graves,Katarina,Kaisa,Nautilus,Pantheon,Amumu,Gragas,Jhin,Brand,1
Shen,Ekko,Yasuo,Jhin,Sett,Tryndamere,Elise,Shaco,KogMaw,Swain,2
Urgot,Evelynn,Viktor,MissFortune,Maokai,Warwick,Shaco,Zed,Jhin,Seraphine,1
Garen,Evelynn,Zed,Kaisa,Pyke,DrMundo,MasterYi,Ekko,Jhin,Thresh,1
Yasuo,Vi,Yone,Jhin,Yuumi,Sett,Taliyah,Kassadin,Ezreal,Lulu,1
Singed,Vi,Yasuo,Lucian,Shaco,Irelia,Nidalee,Viktor,Caitlyn,Seraphine,2
Sett,Lillia,Vladimir,0,KogMaw,Garen,Khazix,Annie,Draven,Soraka,2
Shen,Rammus,Diana,Draven,Nidalee,Pantheon,Ekko,Lissandra,Jhin,Nautilus,1
Garen,Zac,Diana,Lucian,Yuumi,Nasus,Evelynn,Sylas,Jhin,Nami,1
Rumble,Hecarim,TwistedFate,Ezreal,Yuumi,Singed,Lillia,Yone,Lucian,Blitzcrank,2
Rumble,Udyr,Irelia,Jhin,Maokai,Nidalee,Rammus,Kassadin,Ezreal,Ashe,2
Camille,Ekko,Yasuo,Caitlyn,Senna,Yone,Sejuani,Velkoz,Draven,Leona,2
Kled,Kayn,Annie,Kaisa,Pyke,Yasuo,Amumu,Akali,Lucian,Braum,1
Sylas,Vi,Yone,KogMaw,Singed,Camille,MasterYi,Vladimir,Vayne,Morgana,2
Poppy,Rengar,Morgana,Kaisa,Twitch,Gnar,Amumu,Lucian,Jinx,Brand,1
Darius,Evelynn,Lucian,Kaisa,Sion,Fiora,MasterYi,Fizz,KogMaw,Xerath,2
MonkeyKing,Volibear,Orianna,Tristana,Lulu,Warwick,Rammus,Katarina,KogMaw,Nami,1
Garen,0,Ryze,Caitlyn,Leona,Nasus,Khazix,Yone,Vayne,Rell,2
Shen,MasterYi,Qiyana,Seraphine,Yuumi,Darius,JarvanIV,Syndra,Ezreal,Leona,1
Irelia,Kayn,Ryze,Jhin,Swain,Yasuo,Graves,Anivia,Tristana,Yuumi,1
Volibear,Kayn,Ahri,Lucian,Soraka,Mordekaiser,Graves,Sylas,Seraphine,Thresh,2
Shaco,Ekko,Lucian,Draven,Nautilus,Riven,Shyvana,Katarina,Seraphine,Brand,1
Darius,Khazix,Lux,Kaisa,Seraphine,TahmKench,Graves,Yone,Karthus,Swain,2
Zac,Hecarim,Yasuo,Ezreal,Morgana,MonkeyKing,Nidalee,Fizz,Kaisa,Lulu,2
Kled,Zac,Fizz,Jhin,Lulu,Aatrox,Pantheon,Zed,Tristana,Yuumi,1
Gnar,Twitch,Ekko,Jhin,Swain,Darius,Graves,Kassadin,Ezreal,Nautilus,1
Ornn,Rammus,Ahri,Tristana,Leona,Darius,Lillia,Ekko,Jhin,Alistar,1
Kayle,Warwick,Kindred,Jhin,Morgana,MonkeyKing,MasterYi,Fizz,Twitch,Karma,1
Mordekaiser,Elise,Anivia,Caitlyn,Morgana,Pantheon,Ekko,Yone,Ezreal,Shaco,1
Sett,Nunu,Sylas,Ezreal,Morgana,Sion,Kayn,Orianna,Lucian,Soraka,2
Shen,Hecarim,Cassiopeia,Caitlyn,Brand,Anivia,Nunu,Yone,Ezreal,Maokai,1
Aatrox,Nunu,Anivia,Ezreal,Morgana,Warwick,Ivern,Veigar,Vayne,Braum,2
Kayle,Sejuani,Katarina,Kaisa,Lulu,Riven,Lillia,Graves,Jhin,Janna,2
Darius,Lillia,Leblanc,Jhin,Thresh,Tryndamere,Khazix,Katarina,Tristana,Rakan,1
Gnar,Elise,Sylas,Jhin,Thresh,Shen,Hecarim,Lux,Jinx,Morgana,1
Kennen,Nunu,Akali,Jhin,Nami,Nasus,Kayn,Lux,Caitlyn,Senna,1
Sion,Graves,Leblanc,Tristana,Senna,Shen,Hecarim,Annie,Ashe,Seraphine,1
Vladimir,Olaf,TwistedFate,Ezreal,Pantheon,Darius,Nocturne,Syndra,Tristana,Thresh,2
Sett,Khazix,Qiyana,Ezreal,Lux,MasterYi,Shyvana,Yone,Ashe,Lulu,1
Shen,Kayn,Zed,Vayne,Lux,Sett,Zac,Sylas,Jinx,Sona,1
DrMundo,Amumu,Jayce,Ezreal,Thresh,Sion,Lillia,Ryze,MissFortune,Brand,1
Shen,Ekko,Sylas,Jinx,Seraphine,Vayne,Warwick,Diana,Ashe,Thresh,1
Ryze,Khazix,Lucian,Ezreal,Seraphine,DrMundo,Sylas,Irelia,Jhin,Zyra,1
DrMundo,Hecarim,Cassiopeia,Jhin,Swain,Urgot,Taliyah,Vladimir,Kalista,Soraka,1
Garen,Kindred,Ahri,Caitlyn,Leona,Shen,Kayn,Veigar,Kaisa,Lux,2
Sett,Amumu,Irelia,Caitlyn,Ziggs,Shen,Khazix,TwistedFate,Aphelios,Lulu,1
Ahri,Hecarim,Shen,Ezreal,Blitzcrank,Renekton,Fiddlesticks,Yasuo,Caitlyn,Thresh,2
Tryndamere,Hecarim,Vladimir,MissFortune,Lulu,Camille,Amumu,Katarina,Lucian,Janna,1
Shen,Zac,Sylas,Jhin,Lulu,Malphite,Warwick,Neeko,Ashe,Leona,1
Darius,Nunu,Veigar,Jhin,Leona,Malphite,Kayn,Yasuo,Ashe,Shen,2
Shen,Rammus,Ryze,Jinx,Soraka,Vladimir,Khazix,Velkoz,Senna,Thresh,1
Maokai,Poppy,Annie,Lucian,Bard,Singed,Hecarim,Akali,Tristana,Sona,2
Sett,Twitch,Akali,Senna,Nautilus,Shen,Evelynn,Yone,Ashe,Leona,2
Mordekaiser,Khazix,Talon,Ashe,Lulu,Shen,Vi,Kassadin,Jhin,Leona,2
Shen,Sylas,Syndra,Caitlyn,Xerath,Garen,Lillia,Lucian,Ezreal,Velkoz,2
Yorick,Nunu,Yone,Vayne,Volibear,Shen,Amumu,Akali,MissFortune,Alistar,2
Kayle,Hecarim,Malzahar,Ashe,Braum,Garen,Jax,Brand,Jhin,Leona,1
Riven,JarvanIV,Yone,Tristana,Leona,Camille,Udyr,Irelia,Jhin,Morgana,1
Renekton,Elise,Zed,Varus,Yuumi,Urgot,Jax,Lissandra,Ezreal,Blitzcrank,1
0,Shyvana,Kassadin,Yasuo,Malphite,Singed,Graves,Nasus,Senna,Bard,1
Irelia,Vi,Akali,Ezreal,Soraka,Nasus,Ekko,Kassadin,Yasuo,Maokai,2
Maokai,Hecarim,Ekko,Varus,Morgana,Pantheon,Elise,Yasuo,MissFortune,Lux,1
Garen,Kayn,Orianna,Ezreal,Galio,Camille,Olaf,Diana,Caitlyn,Janna,1
Darius,Amumu,Yone,Ezreal,Senna,DrMundo,Hecarim,Akali,Twitch,Lulu,2
Nasus,Nocturne,Yasuo,Vayne,Velkoz,Darius,Zac,Diana,Lucian,Galio,1
AurelionSol,Khazix,Lucian,Ezreal,Bard,Darius,Lillia,Kassadin,MissFortune,Morgana,1
Mordekaiser,MasterYi,Katarina,Ezreal,Senna,Jax,Rengar,Annie,Tristana,Leona,2
Shen,Evelynn,Yasuo,Vayne,Pyke,Jax,Vi,Akali,Lucian,Nami,2
Gangplank,Vi,Malzahar,Jhin,Braum,Darius,Amumu,Anivia,MissFortune,Seraphine,1
Garen,Tryndamere,Katarina,Vayne,Lux,Sett,Skarner,Yasuo,Ashe,Maokai,1
Urgot,Kayn,Katarina,Kalista,Leona,Sett,Graves,Ekko,MissFortune,Morgana,2
Garen,Sejuani,Ziggs,Ezreal,Leona,Malzahar,Amumu,Zed,Tristana,Nautilus,2
Renekton,JarvanIV,Cassiopeia,Sivir,Morgana,Chogath,MasterYi,Irelia,Jinx,Brand,2
DrMundo,Viego,Orianna,Jhin,Karma,Yasuo,Khazix,Xerath,Senna,Blitzcrank,1
Kalista,MonkeyKing,Yone,Samira,Brand,Gragas,Khazix,Zed,Senna,Lux,2
Garen,LeeSin,Jayce,Tristana,Lux,Shen,Warwick,Cassiopeia,Xayah,Rakan,2
Fiora,Warwick,Malzahar,Vayne,Twitch,Mordekaiser,Khazix,Zed,Senna,Lux,2
MonkeyKing,Ekko,Yone,Kaisa,Thresh,Cassiopeia,MasterYi,Lux,Samira,Rakan,2
MonkeyKing,Rammus,TwistedFate,Twitch,Yuumi,Shen,Nidalee,LeeSin,Samira,Lulu,1
Darius,LeeSin,Akali,MissFortune,Blitzcrank,Fiora,Kindred,Orianna,Jhin,Pyke,2
Aatrox,Shaco,Anivia,Kaisa,Brand,MonkeyKing,Kayn,Orianna,Ezreal,Lux,1
Darius,Rengar,Xerath,MissFortune,Leona,Garen,Amumu,Zed,Kaisa,Seraphine,2
Darius,Warwick,Yone,Kaisa,Morgana,Pantheon,Hecarim,Ahri,Jhin,Leona,1
Vayne,Gragas,Yone,Jhin,Swain,MonkeyKing,Lillia,Zed,Tristana,Lulu,1
Illaoi,Shaco,MonkeyKing,Chogath,Lux,Nasus,Kayn,Sylas,Jinx,Thresh,1
Heimerdinger,LeeSin,Seraphine,Jhin,Senna,MonkeyKing,Vi,Yone,Ezreal,Lux,2
Darius,Kayn,Malzahar,Caitlyn,Nautilus,Volibear,Olaf,Zed,Jinx,Pantheon,1
MonkeyKing,Rammus,Yasuo,Vladimir,Yuumi,Urgot,Nunu,Malzahar,Vayne,Leona,2
Fiora,DrMundo,Diana,Kaisa,Shaco,Nasus,Graves,Fizz,Draven,Thresh,2
Gnar,Sejuani,Kassadin,Lucian,Brand,Vladimir,Volibear,Syndra,Jhin,Soraka,2
Garen,Mordekaiser,Zed,Jinx,Zyra,Malphite,Nocturne,Yasuo,Kaisa,Lulu,2
Tryndamere,MasterYi,Zed,Twitch,Alistar,Malphite,Rammus,Katarina,Vayne,Velkoz,2
Garen,Kayn,Veigar,Jhin,Seraphine,MonkeyKing,Amumu,Katarina,MissFortune,Leona,1
Heimerdinger,Fiddlesticks,Yasuo,Kaisa,Alistar,Sett,Rammus,Syndra,Jhin,Lulu,2
MonkeyKing,Olaf,Katarina,Caitlyn,Nautilus,Yorick,Zac,Lux,Tristana,Leona,2
Darius,Vi,Cassiopeia,Ashe,Xerath,Vayne,Olaf,Orianna,Lucian,Yuumi,2
MonkeyKing,Nocturne,Kassadin,Jhin,Rell,Shen,Viego,Leblanc,Ashe,Morgana,1
Karma,Kayn,Katarina,Samira,Lulu,Sett,Shaco,Lucian,Tristana,Brand,2
Vladimir,MasterYi,Viktor,Kaisa,Seraphine,Gnar,Khazix,Yone,Twitch,Teemo,2
Gnar,Kayn,Yone,Vayne,Yuumi,Irelia,Udyr,Diana,Caitlyn,Morgana,2
Riven,Hecarim,Yone,Twitch,Morgana,Fiora,Rengar,Talon,Kaisa,Yuumi,1
Urgot,Malphite,Fizz,Caitlyn,Nautilus,Aatrox,Shaco,Irelia,Kaisa,Yuumi,2
Renekton,Kayn,Ekko,Ashe,Seraphine,Irelia,Lillia,Lux,Tristana,Lulu,2
MonkeyKing,Ekko,Kassadin,Jhin,Pyke,Fiora,Amumu,Viktor,Draven,Yuumi,1
Sett,Nocturne,Fizz,Jhin,Senna,Irelia,Evelynn,Ahri,Kaisa,Lux,2
Quinn,Nunu,Viktor,Jhin,Maokai,Jax,Amumu,Varus,Tristana,Bard,1
Malphite,Lillia,Anivia,Kaisa,Blitzcrank,Kled,Udyr,Katarina,MissFortune,Lulu,1
Sett,Kayn,Katarina,Jhin,Morgana,Teemo,Nidalee,Talon,Caitlyn,Lux,1
Renekton,Udyr,Lissandra,Kaisa,Nami,Nasus,Nocturne,Fizz,Tristana,Brand,1
Yorick,Kayn,Cassiopeia,Twitch,Yuumi,Sion,Nocturne,Kassadin,Kalista,Alistar,2
Tryndamere,Fiddlesticks,Sylas,Tristana,Twitch,Malphite,MasterYi,Pantheon,Draven,Brand,1
Yasuo,XinZhao,Sylas,Varus,Rakan,Gragas,Nocturne,TwistedFate,Jhin,Thresh,2
Fiora,Vi,Zed,Ezreal,Pyke,Ryze,MasterYi,Qiyana,Kaisa,Senna,1
Shen,Rengar,Lux,Vayne,Nami,Darius,Pantheon,Ekko,Jhin,Morgana,2
Illaoi,Kindred,Diana,Senna,Zilean,Rengar,Shaco,Irelia,Tristana,Maokai,2
Jayce,Ivern,Katarina,Vayne,Leona,Kled,Volibear,Leblanc,Caitlyn,Blitzcrank,1
Volibear,Shaco,Fizz,Draven,Lulu,Jax,LeeSin,TwistedFate,Senna,Malphite,2
Camille,Rammus,Fizz,Lucian,Braum,Gangplank,Graves,Ahri,Jhin,Leona,1
Teemo,Ekko,Katarina,Vayne,Soraka,Volibear,Garen,Jayce,Kalista,Leona,2
Nasus,Shaco,Taliyah,Tristana,Morgana,MonkeyKing,Khazix,TwistedFate,Ezreal,Leona,1
Mordekaiser,Nunu,Anivia,Samira,Thresh,Ornn,Khazix,Velkoz,Caitlyn,Leona,2
Gangplank,Olaf,Annie,Ezreal,Nautilus,Mordekaiser,MasterYi,Viktor,Samira,Braum,2
Kassadin,Ivern,Irelia,Kaisa,Janna,Volibear,Vi,Qiyana,Samira,Leona,1
Aatrox,Nunu,Yasuo,Tristana,Brand,Teemo,Evelynn,Yone,Jinx,Leona,1
Sion,Zac,Syndra,Caitlyn,Morgana,Aatrox,Kayn,Annie,Ezreal,Leona,2
Camille,Viego,Kassadin,MissFortune,Nautilus,Fiora,Ivern,Akali,Kaisa,Leona,1
Irelia,Ekko,TwistedFate,Ezreal,Morgana,Malphite,Kayn,Vladimir,Ashe,Leona,2
Gangplank,Nunu,Kassadin,Ezreal,Zyra,Shen,JarvanIV,Lux,Caitlyn,Leona,1
Nasus,Warwick,Diana,Seraphine,Lux,Riven,Vi,Galio,Samira,Braum,2
Nasus,Hecarim,Veigar,Samira,Leona,Darius,MasterYi,Ekko,Caitlyn,Brand,2
Shen,Vi,Viktor,Samira,Leona,Malphite,Kayn,Diana,Jhin,Morgana,2
Sett,Fiddlesticks,Irelia,Jhin,Brand,Ezreal,Volibear,Yasuo,Caitlyn,Thresh,1
Nasus,Ivern,Yone,Vayne,Leona,Malphite,Khazix,Irelia,Lucian,Braum,1
Akali,Hecarim,Lissandra,Aphelios,Leona,Sylas,Graves,Malzahar,Kaisa,Zyra,2
Ornn,Evelynn,Seraphine,Samira,Braum,Renekton,Lillia,Akali,Ezreal,Nautilus,2
Quinn,Ekko,Zed,Samira,Leona,Garen,Fiddlesticks,Katarina,Aphelios,Senna,1
Olaf,Ekko,Veigar,Jhin,Leona,Fiora,Kayn,Galio,MissFortune,Lulu,2
Vladimir,Viego,Lux,MissFortune,Braum,Ornn,Sejuani,Galio,Jhin,Velkoz,2
DrMundo,Ekko,Lucian,Caitlyn,Pyke,Garen,Diana,Ahri,Ashe,Lulu,1
Sett,Vi,Viego,Caitlyn,Leona,Nasus,Shyvana,Kayle,Kaisa,Pantheon,2
Chogath,Kayn,Fizz,Aphelios,Morgana,Ornn,Trundle,Viego,Jhin,Zilean,2
Nautilus,Khazix,Yone,Vayne,Shaco,Vladimir,Viego,Brand,Pantheon,Yuumi,1
Quinn,Khazix,Brand,Tristana,Thresh,Ornn,Graves,Syndra,Caitlyn,Morgana,2
Swain,Sett,Ahri,Ashe,Lux,DrMundo,Jax,Yone,Ezreal,Morgana,1
Olaf,MasterYi,Ahri,Jhin,Senna,Nasus,Hecarim,Sylas,Ashe,Yuumi,1
Viktor,Hecarim,Vladimir,MissFortune,Senna,Udyr,Olaf,Xerath,Kaisa,Thresh,2
Vayne,Kindred,Fizz,Caitlyn,Shen,Urgot,JarvanIV,Yasuo,Jhin,TahmKench,1
Teemo,Hecarim,Akali,Ashe,Nautilus,Malphite,MonkeyKing,Diana,Jhin,Morgana,2
0,0,0,0,0,0,0,0,0,0,2
Nasus,MasterYi,Cassiopeia,Jhin,MissFortune,Garen,Shyvana,Sylas,Samira,Pantheon,2
Chogath,Trundle,Lucian,Jhin,Morgana,Jax,Viego,Diana,Samira,Shaco,2
Teemo,Nocturne,Leblanc,Lucian,Thresh,Vladimir,Ekko,Jayce,Ashe,Pantheon,1
Shen,Evelynn,Katarina,Xayah,Seraphine,Kled,Viego,Xerath,Tristana,Blitzcrank,2
Kayle,Viego,Xerath,Vayne,Lulu,Jax,Lillia,Ezreal,Aphelios,Thresh,1
Lucian,Jax,Rumble,Jhin,Brand,Samira,Sylas,Vladimir,Ashe,Janna,1
Fiora,Vi,Annie,Ashe,Senna,Tristana,Rengar,Fizz,Caitlyn,Janna,1
Illaoi,Fiddlesticks,Kassadin,Vayne,Pyke,Kayle,Hecarim,MonkeyKing,Ashe,Lulu,2
MonkeyKing,Hecarim,Cassiopeia,Aphelios,Leona,Darius,RekSai,Sylas,Morgana,Nami,2
Kayle,Evelynn,Ekko,Xayah,Senna,Mordekaiser,Sion,Malzahar,Caitlyn,Lulu,2
Aatrox,Skarner,Katarina,Jhin,Brand,Mordekaiser,Graves,Veigar,Xayah,Morgana,1
Shen,Rammus,Irelia,Brand,Rell,Teemo,Shaco,Zed,Varus,Soraka,2
MonkeyKing,Rammus,Ahri,Vayne,Janna,Yasuo,Khazix,Orianna,MissFortune,Ashe,2
Teemo,Kayn,Yasuo,Samira,Zyra,Vayne,Zac,Riven,Jhin,Xerath,2
Zac,Hecarim,Fizz,Draven,Pyke,Darius,MonkeyKing,Sylas,Kaisa,Nami,2
Renekton,JarvanIV,Diana,Ashe,Velkoz,Nasus,Evelynn,Yasuo,Caitlyn,Leona,2
Volibear,MonkeyKing,Gragas,Kaisa,Brand,Malphite,Viego,Yasuo,Senna,Lulu,2
Fiora,MonkeyKing,Fizz,Caitlyn,Janna,Volibear,Olaf,Sylas,Jhin,Leona,1
Jayce,MonkeyKing,Xerath,Kaisa,Morgana,Trundle,Khazix,Malzahar,MissFortune,Seraphine,1
Vayne,MasterYi,Kassadin,Kaisa,Lulu,Ornn,Rammus,Fizz,Ezreal,Alistar,1
Yasuo,Shaco,Neeko,Jhin,Yuumi,Camille,Rammus,Fizz,MissFortune,Karma,2
Jax,Shyvana,Cassiopeia,Kaisa,Heimerdinger,Akali,Rammus,Yasuo,Ashe,Leona,2
Shen,Vi,Kayle,Jhin,Alistar,Fiora,Warwick,TwistedFate,Caitlyn,Morgana,1
MonkeyKing,RekSai,Zed,Caitlyn,Lux,Irelia,Kayn,Yasuo,Samira,Xerath,1
Fiora,Vi,Irelia,Kaisa,Lulu,Warwick,Rammus,Akali,Ezreal,Shaco,2
Volibear,Hecarim,Cassiopeia,Xayah,Leona,Shen,Warwick,Zed,Tristana,Morgana,1
Gragas,Hecarim,MonkeyKing,Tristana,Alistar,Yasuo,Nunu,Viego,Ezreal,Senna,1
Jax,Pantheon,Yasuo,Samira,Nautilus,Akali,Graves,Kennen,Ezreal,Yuumi,2
Illaoi,Volibear,Akali,Twitch,Lulu,Camille,MasterYi,Syndra,Samira,Nami,2
Sion,Hecarim,Anivia,Ezreal,Pyke,Darius,Nunu,TwistedFate,Jhin,Zilean,2
Garen,Khazix,Syndra,Twitch,Lulu,Yone,Sejuani,Kassadin,Ashe,Yuumi,1
Sion,Volibear,Ziggs,Ezreal,Soraka,Chogath,LeeSin,Tryndamere,Kalista,Pantheon,2
Shen,LeeSin,Katarina,Kaisa,Nami,Nasus,Shyvana,Ahri,Vayne,Yuumi,1
Camille,Ekko,Zed,Jinx,Yuumi,Shen,Evelynn,Xerath,Lucian,Lulu,2
Renekton,Hecarim,Lux,MissFortune,Swain,Teemo,Diana,Talon,Draven,Lulu,2
Maokai,Graves,Pyke,Aphelios,Yuumi,TahmKench,LeeSin,Vladimir,Ezreal,Rakan,2
Morgana,Viego,Lux,Tristana,Shaco,Malphite,Ekko,Velkoz,Caitlyn,Xerath,2
Jax,MasterYi,Diana,Kaisa,Nautilus,Malphite,Vi,Sylas,Twitch,Lulu,1
Mordekaiser,Ekko,Lucian,Samira,Rakan,Ornn,Fiddlesticks,Corki,Jhin,Yuumi,1
Sion,Khazix,Yasuo,Jhin,Yuumi,Malphite,Olaf,Ahri,Twitch,Lulu,1
Yone,Amumu,Katarina,Kaisa,Seraphine,Gragas,Lillia,Pantheon,Draven,Janna,1
Urgot,MasterYi,Heimerdinger,Caitlyn,Galio,Maokai,Taliyah,Zed,Jhin,Thresh,1
Irelia,Vi,Zed,Kaisa,Swain,Renekton,Nocturne,Lux,Senna,Lulu,1
MonkeyKing,Darius,Lucian,Caitlyn,Nami,Chogath,Nocturne,Malphite,Jinx,Lulu,2
Garen,Evelynn,Cassiopeia,Draven,Bard,Mordekaiser,Shaco,Yasuo,Aphelios,Janna,2
Rumble,Vi,Xerath,Jhin,Yuumi,Teemo,Khazix,Sylas,Ezreal,Pantheon,1
Renekton,Ekko,Irelia,Kaisa,Lulu,Yasuo,Evelynn,Ziggs,Vayne,Blitzcrank,1
Renekton,Karthus,Lucian,MissFortune,Swain,Malphite,Skarner,Syndra,Tristana,Leona,1
Shen,Udyr,Syndra,MissFortune,Thresh,Renekton,Zac,Ezreal,Lucian,Karma,1
Tryndamere,Warwick,Veigar,Kaisa,Lux,Yone,Amumu,Yasuo,MissFortune,Swain,1
Riven,Vi,Veigar,Ezreal,Maokai,Vayne,MasterYi,Akali,MissFortune,MonkeyKing,1
Shaco,Kindred,Irelia,MissFortune,Rell,Jayce,Kayn,Ekko,Vayne,Lulu,2
Vladimir,Rengar,Renekton,Jhin,Soraka,Aatrox,Olaf,Yone,Ezreal,Blitzcrank,2
Quinn,Nunu,Sylas,MissFortune,Pantheon,Mordekaiser,Khazix,Syndra,Ashe,Leona,1
Viego,Pantheon,Cassiopeia,Kaisa,Alistar,Jax,Elise,Sylas,MissFortune,Thresh,1
Shen,Yone,LeeSin,Jhin,Morgana,Chogath,Warwick,Ryze,Ezreal,Karma,1
Fiora,Hecarim,Diana,MissFortune,Velkoz,Garen,RekSai,Anivia,Kaisa,Nautilus,1
Akali,Khazix,Yone,MissFortune,Blitzcrank,Gangplank,JarvanIV,Diana,Ezreal,Lulu,1
Shen,Khazix,Malphite,Vayne,Karma,Maokai,Kayn,Katarina,Ezreal,Swain,1
Garen,Rengar,Ekko,Ashe,Morgana,Sett,Shaco,Azir,Ezreal,Brand,1
Teemo,Nocturne,Morgana,Ashe,Lulu,Sion,Shaco,Sylas,Ezreal,Leona,1
Mordekaiser,Rengar,Irelia,Lucian,Lulu,Urgot,Vi,Orianna,Twitch,Janna,2
Shen,Shyvana,Seraphine,Aphelios,Lux,Olaf,Pantheon,TwistedFate,Ezreal,Brand,2
Vladimir,Ekko,Zed,MissFortune,Swain,Mordekaiser,Hecarim,Ahri,Ashe,Janna,1
Sett,Graves,Ekko,Teemo,Lulu,Illaoi,Hecarim,Zed,Ezreal,Xerath,1
Riven,Shaco,Lucian,Jinx,Yuumi,Chogath,Khazix,Morgana,Ezreal,Annie,2
Illaoi,Khazix,Galio,Ezreal,Braum,Sylas,Sett,Jayce,MissFortune,Maokai,2
Darius,Zac,Galio,Lucian,Braum,Nasus,Kayn,Cassiopeia,MissFortune,Xerath,2
Darius,Graves,Ryze,Kaisa,Lulu,Nasus,Khazix,Brand,Vayne,Morgana,2
Kayle,Sett,Katarina,Kaisa,Leona,Aatrox,Hecarim,Syndra,Ezreal,Alistar,1
Tryndamere,Graves,Corki,Kaisa,Pantheon,Malphite,Vi,Akali,MissFortune,Nami,2
Urgot,LeeSin,Fizz,Samira,Sona,Jayce,MasterYi,Lucian,Kaisa,Alistar,1
Sett,RekSai,Ryze,Jhin,Nautilus,Kennen,Udyr,Lucian,MissFortune,Leona,2
Sion,LeeSin,Kassadin,MissFortune,Morgana,Cassiopeia,Hecarim,Lux,Xayah,Rakan,1
Viego,Kayn,Veigar,Samira,Leona,Volibear,Graves,Syndra,Kaisa,Thresh,1
Tryndamere,MasterYi,Katarina,Varus,Anivia,Singed,Rengar,Quinn,Rumble,Nautilus,2
Garen,Shaco,Anivia,Kaisa,Thresh,Camille,Pantheon,Viktor,Twitch,Brand,1
Vladimir,RekSai,Viktor,Kaisa,Brand,Sylas,Nunu,Yone,Ezreal,Ashe,2
Garen,LeeSin,Ekko,Kalista,Soraka,Tryndamere,Olaf,KogMaw,Caitlyn,Blitzcrank,2
Ornn,Kindred,Diana,Lucian,Yuumi,Neeko,Graves,Malzahar,Kaisa,Nautilus,2
Gragas,Ekko,Lucian,Kaisa,Yuumi,DrMundo,Zac,Cassiopeia,Jinx,Morgana,1
Mordekaiser,Jax,Syndra,Jhin,Senna,Poppy,MasterYi,Diana,Kaisa,Janna,2
Shen,Ekko,Ryze,Aphelios,Soraka,Shaco,Nocturne,Xerath,Kaisa,Blitzcrank,2
Mordekaiser,Shaco,Talon,Tristana,Swain,Renekton,Fiddlesticks,Fizz,Ezreal,Thresh,2
Jax,Warwick,Diana,Vayne,Pyke,Garen,Nunu,Vladimir,Jhin,Senna,1
Nasus,Nidalee,Katarina,Tristana,Nautilus,Lucian,Evelynn,Yasuo,Kaisa,Leona,2
Mordekaiser,LeeSin,Lucian,Caitlyn,Pyke,Tryndamere,JarvanIV,Ekko,Jhin,Lulu,1
